rep_group,Site,Date,Time,sample_type,NPOC_uM_,TN_uM_,Prochlorococcus,Synechococcus,Picoeukaryotes,Unpigmented_cells,adaptedDervLabel,2'deoxycytidine,4-aminobenzoic acid,5'AMP,GABA,N-acetyl-muramic acid,amMP,arginine,asparagine,cysteine 2,cytidine,cytosine,ectoine plus H2O,folate,glutamine,glutathione 2,glycine,guanosine,homoserine betaine,ornithine 2,sarcosine,spermidine 3,taurine,tryptamine,tyrosine,3'AMP,5'UMP,DHPS,alanine,aspartate,ciliatine,citrulline,cysteate,glutamic acid,histidine,isethionate,isoleucine,kynurenine,leucine,lysine 2,malic acid,methionine,pantothenic acid,phenylalanine,proline,putrescine 2,serine,sn-glycerol 3-phosphate,threonine,tryptophan,uridine,valine
1,Coco_loba,1/19/2021,14:08,peak_photo,72.73015687,7.521046411,10045,37173,788,567000,CINAR_BC_9,0.070537549,0.301031052,0.098570388,0.004793015,0.253454499,0.001675375,0.467814471,0.470385229,1.647212851,0.092592774,0.297592796,0.051801377,0.381944607,14.88481411,0.150141971,3.08205142,0.082819425,0.120331499,0.388028985,0.390033741,0.002253795,2.306956007,0.003309239,0.390479432,0.004366778,0.086748398,6.011477993,1.246863155,1.630189207,0.06880268,0.20197713,0.371526853,6.47356323,0.139359272,0.71198412,0.286711376,0.044245089,0.233751193,0.493725939,0.732454155,0.014996646,0.026183784,0.218477156,0.327228026,0.010240569,1.160015741,0.430060109,0.328040077,0.019082452,0.132684986,0.401114986
1,Coco_loba,1/19/2021,14:08,peak_photo,72.73015687,7.521046411,10045,37173,788,567000,CINAR_BC_11,0.070537549,0.256721729,0.104366175,0.004793015,0.253454499,0.001675375,0.389063747,0.392144459,0.659597302,0.040566727,0.297592796,0.051801377,0.381944607,9.461872988,0.15878512,2.726383863,0.324748079,0.120331499,0.283869533,0.229861287,0.002253795,1.83640001,0.003309239,0.390479432,0.004366778,0.093546023,4.774096171,0.999270337,1.346204049,0.057309557,0.178616281,0.285309933,5.624890456,0.139359272,0.620136488,0.265722174,0.041002177,0.201868218,0.445596439,0.837953259,0.014996646,0.026561898,0.192043229,0.278055458,0.010240569,1.050348927,0.303909345,0.310769806,0.019082452,0.111128664,0.356294124
1,Coco_loba,1/19/2021,14:08,peak_photo,72.73015687,7.521046411,10045,37173,788,567000,CINAR_BC_12,0.070537549,0.214206115,0.045594535,0.004793015,0.253454499,0.001675375,0.452642815,0.342134239,1.207387485,0.170414083,0.297592796,0.051801377,0.381944607,2.329594229,0.088908033,2.89703027,0.032033883,0.120331499,0.420241102,0.109171878,0.002253795,1.037138397,0.003309239,0.390479432,0.004366778,0.054348625,1.755014072,0.852074289,1.102677426,0.076588854,0.170237004,0.522163911,1.671574617,0.139359272,0.558780305,0.370395983,0.049924445,0.265801209,0.501772192,0.859284127,0.014996646,0.023982562,0.382769702,0.256939076,0.010240569,1.758238461,0.300268682,0.407823845,0.019082452,0.113154027,0.341574921
1,Coco_loba,1/19/2021,14:08,peak_photo,72.73015687,7.521046411,10045,37173,788,567000,CINAR_BC_13,0.070537549,0.13393027,0.057690215,0.004793015,0.253454499,0.001675375,0.335994702,0.258937709,1.635828763,0.263613243,0.297592796,0.051801377,0.381944607,1.33090132,0.073836681,1.290396972,0.075807706,0.120331499,0.18591916,0.21528118,0.002253795,1.968394169,0.003309239,0.390479432,0.004366778,0.058613331,0.788135263,0.423510366,0.792206847,0.074594731,0.080841161,0.397033854,1.168638138,0.139359272,0.483011319,0.155737081,0.018662078,0.131122419,0.263135661,0.787845244,0.014996646,0.021398467,0.118053059,0.135101415,0.010240569,0.616931492,0.414996659,0.051880331,0.019082452,0.067362053,0.057862992
2,Ditliff,1/19/2021,13:08,peak_photo,72.37156578,9.153000178,6263,22624,643,494000,CINAR_BC_4,0.070537549,0.017044136,0.043641818,0.022606319,0.253454499,0.001675375,0.342141321,0.460236866,1.405271374,0.040566727,0.297592796,0.051801377,0.381944607,5.925402938,0.110000058,4.693136842,0.032033883,0.120331499,0.39202179,0.154214063,0.041638569,1.570319576,0.003309239,0.390479432,0.004366778,0.074601583,3.253966769,0.944576325,1.603593615,0.074255329,0.173089412,0.322415733,7.244292368,0.139359272,0.764830284,0.262035472,0.018662078,0.214795691,0.492073346,0.946134038,0.014996646,0.020311788,0.162671999,0.352366869,0.179512832,1.420743436,0.29999336,0.397633818,0.019082452,0.026442801,0.347006622
2,Ditliff,1/19/2021,13:08,peak_photo,72.37156578,9.153000178,6263,22624,643,494000,CINAR_BC_8,0.070537549,0.21353326,0.043641818,0.038276426,0.253454499,0.001675375,0.304689256,0.37059004,0.756446079,0.040566727,0.297592796,0.051801377,0.381944607,3.600371451,0.175233225,2.439435591,0.055464248,0.120331499,0.319102418,0.113065035,0.038432536,1.115027334,0.003309239,0.390479432,0.004366778,0.071749454,2.174806009,0.744679275,0.995826529,0.06944578,0.129087219,0.242850099,3.654160116,0.139359272,0.476342001,0.256691829,0.018662078,0.169152945,0.387469725,1.385214621,0.014996646,0.020440614,0.153832274,0.193169399,0.181122102,1.161184313,0.221549516,0.284321957,0.019082452,0.077032746,0.312962427
2,Ditliff,1/19/2021,13:08,peak_photo,72.37156578,9.153000178,6263,22624,643,494000,CINAR_BC_5,0.070537549,0.49341216,0.043641818,0.043569892,0.253454499,0.001675375,0.653377953,0.842666124,1.507227626,0.040566727,0.297592796,0.051801377,0.381944607,19.21571566,0.295169671,3.790900122,0.074657241,0.120331499,0.670834277,0.245785273,0.066706538,2.119244017,0.003309239,0.390479432,0.004366778,0.113991479,12.67770668,1.84071925,3.303321814,0.082816727,0.340048633,0.470205561,16.88630184,0.139359272,1.29113807,0.621200758,0.018662078,0.429101729,0.927247283,0.723532492,0.014996646,0.024223053,0.343993229,0.67158853,0.030996981,2.260521274,0.571056633,0.700111472,0.019082452,0.146033156,0.714211404
2,Ditliff,1/19/2021,13:08,peak_photo,72.37156578,9.153000178,6263,22624,643,494000,CINAR_BC_6,0.070537549,0.301162966,0.043641818,0.053664362,0.253454499,0.001675375,0.218757998,0.294613644,1.366874839,0.040566727,0.297592796,0.051801377,0.381944607,1.403618399,0.061927755,3.297117424,0.077227738,0.120331499,0.67615749,0.114349976,0.002253795,0.808355906,0.003309239,0.390479432,0.004366778,0.051797019,0.646103762,1.070613417,1.305264367,0.070531711,0.385073679,0.409107258,1.296406005,0.139359272,0.430148237,0.268062402,0.018662078,0.264938637,0.552317048,0.89239532,0.014996646,0.021602083,0.188593145,0.29933966,0.010240569,2.114769894,0.429067913,0.560642279,0.019082452,0.04578055,0.399576112
3,Joel's Shoal,1/17/2021,15:30,peak_photo,80.82833901,10.3004071,20405,71143,1221,775000,CINAR_BC_3,0.070537549,0.709397625,0.043641818,0.038894078,0.253454499,0.001675375,0.443858047,0.782395105,1.127535682,0.104182083,0.297592796,0.326438443,0.381944607,2.414965758,0.060261131,8.239739984,0.073390835,0.70164959,2.136024487,0.167275184,0.002253795,1.328484651,0.003309239,0.390479432,0.00783707,0.045357392,2.595737904,3.314557597,3.083380437,0.04238418,0.609853851,0.264090861,2.517623139,1.557820385,1.252304761,1.121840991,0.038232893,0.765540308,1.583159314,1.677125842,0.014996646,0.040693058,0.499198883,0.909305719,0.027576374,7.390580036,0.224560835,1.843590731,0.048675929,0.098373601,1.36279023
3,Joel's Shoal,1/17/2021,15:30,peak_photo,80.82833901,10.3004071,20405,71143,1221,775000,CINAR_BC_2,0.070537549,0.230967436,0.04834814,0.044056966,0.253454499,0.001675375,0.333924183,0.499108051,1.203343753,0.040566727,4.227432495,0.051801377,0.381944607,5.164868437,0.120054017,3.390690117,0.053869805,1.610207194,0.299095474,0.295924688,0.018260886,1.517628409,0.003309239,0.390479432,0.004366778,0.07052043,6.462137705,1.071529713,1.845483407,0.061625232,0.187126741,0.282121238,6.532862628,0.139359272,1.166401821,0.2447612,0.018662078,0.208535919,0.465864091,2.468574123,0.014996646,0.021251066,0.146518663,0.391116513,0.010240569,1.145903499,0.280148567,0.353906294,0.019082452,0.068705627,0.296524602
3,Joel's Shoal,1/17/2021,15:30,peak_photo,80.82833901,10.3004071,20405,71143,1221,775000,CINAR_BC_1,0.070537549,0.795884359,0.195933036,0.109202603,0.253454499,0.001675375,1.536009249,1.982144076,1.574608026,0.26379348,1.869226213,1.355449354,0.381944607,50.21491601,0.535502985,9.772475089,0.234439134,6.061082085,0.850454039,0.670350144,0.117899538,4.022005787,0.003309239,0.390479432,0.020120131,0.24444408,51.87291903,5.047029251,8.319907434,0.063276464,0.571723996,0.708012522,40.68416928,0.891564702,3.218784984,0.703905182,0.065354332,0.512698269,1.450918093,3.093027085,0.014996646,0.030065756,0.401098478,0.893203542,0.03475232,4.057820307,0.893582807,1.473549693,0.134694293,0.245181244,1.196359535
4,LB_seagrass,1/23/2021,13:56,peak_photo,82.80829108,8.094113428,2298,18882,1878,331000,CINAR_BC_48,0.379585763,0.575454159,0.162007679,0.12026768,0.253454499,0.001675375,0.756508608,0.649345646,2.202974669,0.27408349,0.297592796,0.051801377,0.381944607,4.96826638,0.172882216,4.659684847,0.176606847,0.310535783,0.517992438,0.321939641,0.048945937,3.137833767,0.003309239,0.390479432,0.023115113,0.221835164,4.933639004,2.06059707,1.848161654,0.105861437,0.182532584,0.644324264,2.95608278,0.139359272,1.261796021,0.478191674,0.070694423,0.33382994,0.756838249,1.916741398,0.129748152,0.0851229,0.353853184,0.671425202,0.079393345,2.014804806,0.831457117,0.59865117,0.058648734,0.234142719,0.56535593
4,LB_seagrass,1/23/2021,13:56,peak_photo,84.97028962,9.339568367,1996,16256,1339,378000,CINAR_BC_49,0.248107396,0.57091291,0.301667014,0.061093137,0.253454499,0.001675375,0.758546686,0.801264288,2.472334714,0.177106088,0.297592796,0.051801377,0.381944607,6.077693419,0.16110783,4.798252594,0.167255522,0.398944871,0.399271366,0.551698442,0.036406301,3.118645204,0.003309239,0.390479432,0.013920471,0.225975802,6.697582775,2.024848576,1.853366026,0.102796332,0.128389626,0.659632439,3.866673344,0.139359272,1.234119643,0.3594935,0.04521864,0.238940227,0.596319329,2.194074106,0.014996646,0.073474647,0.287044137,0.649640622,0.04108435,1.422790383,0.548213056,0.447786771,0.051991774,0.260184365,0.506910026
5,LB_seagrass,1/23/2021,6:35,dawn,89.26602528,9.470431386,6263,28875,1418,585000,CINAR_BC_37,0.070537549,0.396625548,0.043641818,0.058020708,0.253454499,0.001675375,0.815661789,0.980917732,3.404461398,0.119476937,0.297592796,0.051801377,0.381944607,1.945635146,0.169510389,6.380651374,0.262959203,0.37301583,0.439933008,0.333334872,0.043360564,5.743307185,0.022057334,0.390479432,0.0113747,0.1085445,3.172600091,1.519862064,1.522430228,0.118098606,0.233907624,0.65407861,2.173819584,0.380455243,1.618955598,0.292080179,0.066915077,0.228568175,0.617258214,1.343348951,0.014996646,0.074683757,0.254458514,0.438501273,0.042177327,1.752129054,0.37566325,0.524478373,0.087993887,0.198789169,0.368626553
5,LB_seagrass,1/23/2021,6:35,dawn,84.89963607,8.906366649,5436,25868,1996,456000,CINAR_BC_81B,0.185949754,0.344349109,0.043641818,0.217078736,0.253454499,0.001675375,0.803355547,0.582278904,4.919859885,0.402140494,0.297592796,0.051801377,0.381944607,2.131560368,0.15607766,5.525891494,0.338346786,0.363025019,0.249707131,0.463022851,0.064136028,5.615338005,0.012573847,0.390479432,0.011369281,0.118972884,2.139185002,1.294441131,1.044770204,0.07755265,0.129147532,0.527710613,2.158578098,0.139359272,0.89670019,0.259083979,0.048944084,0.176861312,0.519395255,1.098780151,0.106518158,0.075146477,0.232524485,0.28790697,0.215220782,1.35908234,0.26967844,0.348177472,0.071609841,0.330733215,0.321971408
6,LB_seagrass,1/24/2021,14:01,peak_photo,85.07180274,7.190074581,3033,26669,1733,515000,CINAR_BC_70,0.070537549,0.398878332,0.208191381,0.093351827,0.253454499,0.001675375,0.846784126,0.582534413,2.96978922,0.20766032,0.297592796,0.051801377,0.381944607,3.716468577,0.189824657,4.900706284,0.132592986,0.369974641,0.367217176,0.625504311,0.023861356,4.038944369,0.003309239,1.136826116,0.026470225,0.168839,4.892654082,2.052834047,1.436947618,0.099326204,0.119028534,0.586915635,3.011058333,0.139359272,0.990650459,0.354225474,0.079366668,0.23281571,0.604733054,1.921503217,0.014996646,0.083093975,0.290472202,0.41508125,0.02859766,1.619585355,0.548086542,0.458990292,0.090401887,0.207831996,0.437699416
6,LB_seagrass,1/24/2021,14:01,peak_photo,84.37547393,5.733153329,0,25947,276,13.1,CINAR_BC_73,0.070537549,1.099814754,0.083557018,0.050776013,0.253454499,0.001675375,0.54937927,0.904637214,1.063075011,0.112437064,0.297592796,0.051801377,0.381944607,1.498466617,0.079730672,11.8742055,0.032033883,0.353307815,3.723542884,0.165798832,0.002253795,1.399048488,0.003309239,0.390479432,0.004366778,0.059801,1.367484285,4.545300217,4.929490162,0.027467775,0.756847727,0.206543999,2.888032296,1.728386246,0.422796187,1.473825456,0.132954972,1.102587782,2.105001465,1.049135939,0.014996646,0.03067893,0.649827913,1.294243909,0.031766925,12.59442412,0.230464237,3.10415056,0.200591004,0.08756999,1.818349363
6,LB_seagrass,1/24/2021,14:01,peak_photo,243.2624963,7.674449264,4018,31908,1615,535000,CINAR_BC_74,0.070537549,0.624724233,0.2714314,0.073290806,0.253454499,0.001675375,1.242835854,0.67757229,2.705299385,0.145711101,0.297592796,0.051801377,0.381944607,3.063915732,0.189158166,7.12284796,0.18280061,0.328778149,0.684252776,0.594324301,0.016442772,4.913613024,0.003309239,1.298129753,0.02538945,0.178477674,4.888727658,2.419045353,1.836844025,0.105079579,0.29812084,0.570979037,2.68213809,0.456941375,1.205991416,0.490199145,0.081353755,0.354615046,0.861887912,2.108080754,0.014996646,0.087211021,0.361336148,0.724381226,0.032462897,2.932162636,0.455009945,0.769182997,0.084138949,0.233172032,0.705686455
7,LB_seagrass,1/24/2021,6:42,dawn,88.6985153,7.452944164,3611,25960,3033,360000,CINAR_BC_54,0.160769638,0.35521834,0.063160803,0.035929392,0.253454499,0.001675375,0.799835387,0.876188436,3.38051975,0.246550005,0.297592796,0.051801377,0.381944607,3.504758849,0.135006191,7.151475565,0.317827761,0.493348781,0.392565387,0.493006476,0.025794195,6.394797852,0.015353119,0.390479432,0.01701633,0.123335598,4.933807615,1.447981921,1.615740524,0.075404679,0.144818151,0.464774063,2.559817404,0.139359272,0.767639157,0.298709145,0.080849337,0.236183722,0.628114023,1.58514783,0.014996646,0.081951046,0.272835264,0.392516712,0.031814813,1.586587653,0.441904513,0.456380829,0.100912939,0.238333496,0.335090164
7,LB_seagrass,1/24/2021,6:42,dawn,85.9567206,5.795529163,2377,18396,1602,303000,CINAR_BC_57,0.139513783,0.358994578,0.043641818,0.048394113,0.253454499,0.001675375,1.076477182,1.201675413,3.559258102,0.296189523,0.297592796,0.051801377,0.381944607,3.127165531,0.181088242,6.600522566,0.280026672,0.984468354,0.180368353,0.430018925,0.02795258,6.891116327,0.022183205,0.390479432,0.010742275,0.145654702,4.41401162,1.301007011,1.751531425,0.113629344,0.056426511,0.497286441,3.238537786,0.139359272,1.304608527,0.185626226,0.077162386,0.157456455,0.514840245,1.465164875,0.014996646,0.08029633,0.222082608,0.41626591,0.010240569,0.763283858,0.254151176,0.29257325,0.11712417,0.292992736,0.255297657
7,LB_seagrass,1/24/2021,6:42,dawn,86.96793172,9.693668684,4556,30871,2311,534000,CINAR_BC_63,0.070537549,0.550594001,0.222874662,0.075499502,0.253454499,0.001675375,0.660741361,1.024889155,3.022949319,0.236712425,0.297592796,0.051801377,0.381944607,2.190871129,0.128310285,7.6268413,0.325559732,0.53518015,0.910993952,0.241594251,0.025890742,4.499744516,0.0178613,0.390479432,0.114042273,0.144262006,3.62507433,1.669496426,2.191550236,0.075755023,0.193046156,0.515580792,2.255913505,0.139359272,0.787910302,0.454727541,0.110935353,0.334653395,0.898577371,1.628068178,0.014996646,0.076930061,0.31940787,0.569616113,0.027770639,3.243376012,0.618154362,0.881769055,0.093448958,0.319541299,0.520090569
8,LB_seagrass,1/25/2021,13:40,peak_photo,80.82129562,5.857904996,14444,68110,1707,702000,CINAR_BC_100,0.070537549,0.305189205,0.120475373,0.032904067,0.253454499,0.001675375,0.432930687,0.399015999,2.007862356,0.217971203,0.297592796,0.051801377,0.381944607,3.761364109,0.090092611,2.86689136,0.079594623,0.120331499,0.390968617,0.291468561,0.002253795,2.381765939,0.003309239,0.390479432,0.026542613,0.088127566,3.321382552,0.981251936,0.974415142,0.029870203,0.215911528,0.40288097,1.629314035,0.139359272,0.537543008,0.257323161,0.054152075,0.202731454,0.406750485,1.693802635,0.014996646,0.051996475,0.186294481,0.354571517,0.010240569,1.631315727,0.238303843,0.434227194,0.064226991,0.158158622,0.371127779
8,LB_seagrass,1/25/2021,13:40,peak_photo,80.74853255,7.038446393,13735,77761,2022,913000,CINAR_BC_95,0.159456283,0.339672383,0.175435655,0.025877641,0.253454499,0.001675375,0.628159493,0.298684455,2.221772133,0.122358881,0.297592796,0.051801377,0.381944607,1.722089319,0.12640689,2.757521988,0.095510745,0.120331499,0.356462019,0.359680288,0.002253795,3.292597997,0.003309239,0.390479432,0.030428259,0.097227496,2.476318182,0.901643245,1.072366011,0.026360927,0.184000713,0.345486475,1.660285835,0.139359272,0.588050676,0.294225492,0.058217146,0.224689434,0.47725466,1.587949829,0.014996646,0.051481009,0.182433851,0.393175595,0.010240569,1.357368444,0.265875169,0.429287348,0.063915508,0.157033523,0.265227539
8,LB_seagrass,1/25/2021,13:40,peak_photo,80.70281538,7.647374156,13538,68582,1668,704000,CINAR_BC_99,0.161603031,0.317203396,0.17207022,0.03077296,0.253454499,0.001675375,0.456057816,0.425354839,2.104517618,0.040566727,0.297592796,0.051801377,0.381944607,3.268126684,0.162387168,2.522750261,0.065375246,0.120331499,0.317410395,0.441222734,0.002253795,2.860198368,0.003309239,0.390479432,0.010245414,0.149425827,3.284115823,1.269642541,1.269198223,0.026884048,0.076715255,0.429903445,2.498381805,0.139359272,0.77104549,0.260033766,0.053157148,0.191364117,0.464830133,2.180038975,0.014996646,0.048876197,0.167880452,0.266588244,0.010240569,1.283809911,0.261861367,0.311881954,0.051550436,0.143931536,0.310682681
9,LB_seagrass,1/25/2021,6:44,dawn,84.30293968,12.21578459,8732,47691,3427,644000,CINAR_BC_83,0.070537549,0.299044103,0.043641818,0.030681436,0.672740465,0.001675375,0.699992145,0.791096937,3.431367172,0.191888551,0.297592796,0.051801377,0.381944607,2.480965452,0.107562278,4.081793374,0.19747091,0.120331499,0.31019097,0.448561903,0.007787106,4.77581205,0.013102711,0.390479432,0.009151567,0.073119878,2.837254958,0.981944703,1.136714986,0.041009111,0.180715816,0.36697644,2.056440543,0.139359272,0.975155946,0.239472864,0.063073559,0.179105569,0.493235878,1.129318524,0.065807548,0.063256004,0.197226759,0.349746026,0.010240569,1.598301154,0.16347973,0.351305846,0.105769744,0.264339859,0.245510576
9,LB_seagrass,1/25/2021,6:44,dawn,84.65941401,8.292664215,9192,46759,3165,629000,CINAR_BC_85,0.163757325,0.325419909,0.043641818,0.04419131,1.073365677,0.001675375,0.62338144,0.709026575,3.71388137,0.172624107,0.297592796,0.051801377,0.381944607,2.113981888,0.166914701,4.34017178,0.337678189,0.505009948,0.251241677,0.456764226,0.008420835,6.338479899,0.024474083,0.390479432,0.011351364,0.09643206,2.218545316,0.934797723,1.381006333,0.058082089,0.118979009,0.442410251,2.518803697,0.139359272,1.2382757,0.202105708,0.056992682,0.166557045,0.585625916,1.14690074,0.014996646,0.078245381,0.238015842,0.363032398,0.010240569,1.057093033,0.225205212,0.303288791,0.086356068,0.30824713,0.236862485
9,LB_seagrass,1/25/2021,6:44,dawn,81.53213128,7.123243331,14024,65339,3467,716000,CINAR_BC_88,0.214275781,0.254321163,0.043641818,0.047166751,0.253454499,0.001675375,0.732318549,0.875967768,3.508835806,0.282982111,0.297592796,0.051801377,0.381944607,2.758666491,0.208079571,4.15041252,0.444901904,0.59954946,0.071194066,0.451602273,0.006227911,6.19327609,0.024361704,0.390479432,0.012077069,0.092299012,3.767017973,0.715120868,1.329542636,0.060754096,0.065290003,0.451657619,2.969301722,0.139359272,1.356608533,0.207636359,0.061793326,0.169269011,0.516629106,1.605913746,0.116168259,0.075402157,0.231076006,0.333750973,0.010240569,0.611149717,0.173649802,0.238815987,0.083399854,0.310209743,0.261267096
10,LB_seagrass,1/26/2021,13:49,peak_photo,79.9933198,9.499795311,14405,59653,1694,761000,CINAR_BC_119,0.070537549,0.827094247,0.229126255,0.030427423,0.253454499,0.01069019,0.443199374,0.337136403,2.683908025,0.204522008,0.297592796,0.051801377,0.424447746,2.840347645,0.137097202,4.071259623,0.181032973,0.120331499,0.428986475,0.269055713,0.007343683,2.963640755,0.003309239,0.390479432,0.006987622,0.151894858,1.989360657,1.448386059,1.350136121,0.03793678,0.0804738,0.336179373,2.331614143,0.139359272,0.631313593,0.271938646,0.038932199,0.208588395,0.535359299,1.236933642,0.073225566,0.056998787,0.209669064,0.970505721,0.010240569,1.679404439,0.242338521,0.439997376,0.054681426,0.201339915,0.333935219
10,LB_seagrass,1/26/2021,13:49,peak_photo,83.24634307,9.014667078,13052,59850,1497,745000,CINAR_BC_120,0.070537549,0.296245758,0.193883003,0.037979868,0.253454499,0.007979426,0.42219496,0.470152641,2.360096774,0.17753746,0.297592796,0.051801377,0.451838212,4.999942544,0.128416872,3.201679216,0.032033883,0.120331499,0.258543875,0.23502409,0.016327545,1.816612126,0.003309239,0.390479432,0.019985119,0.131391797,3.278022143,1.033288364,1.164242497,0.036391897,0.131331028,0.381260587,3.621957005,0.139359272,0.606256246,0.243983258,0.018662078,0.171347054,0.43149792,1.628671237,0.045440958,0.054301579,0.190856915,0.309227202,0.010240569,1.275549764,0.307447947,0.355936516,0.019082452,0.136126822,0.301799223
11,LB_seagrass,1/26/2021,6:31,dawn,88.46354914,8.956106937,11082,56870,2547,756000,CINAR_BC_103,0.338993611,0.32122314,0.043641818,0.056960864,0.253454499,0.001675375,0.621716586,0.807584013,3.473684856,0.236067504,0.297592796,0.051801377,0.381944607,1.391580126,0.203293625,4.275746253,0.499778544,0.537837598,0.463182787,0.446227783,0.002253795,5.671174527,0.023100149,0.390479432,0.008396781,0.104693876,1.717099542,1.187514733,1.457531707,0.073980827,0.149412738,0.585916917,2.067711515,0.476084267,1.556881174,0.287531893,0.076545093,0.212251136,0.534966478,2.252711263,0.014996646,0.07442944,0.215507343,0.342263507,0.042137796,1.763132587,0.203173586,0.495531466,0.071093729,0.289603659,0.37563888
11,LB_seagrass,1/26/2021,6:31,dawn,85.50700825,7.773734165,10977,54230,2784,735000,CINAR_BC_109,0.440059476,0.961798466,0.043641818,0.037144764,0.699108255,0.001675375,1.093784232,1.712372605,3.716527868,0.516680458,0.297592796,0.051801377,0.381944607,4.946645549,0.19644347,13.07202483,0.364495215,0.859730741,2.422881077,0.495457634,0.021845677,5.853645946,0.011726877,0.390479432,0.011860912,0.102952309,4.968595512,3.907778401,4.463875609,0.06156677,0.406255335,0.563566759,4.778831165,0.898028068,1.043837265,0.918419559,0.098999535,0.706846485,1.823312364,1.087081719,0.014996646,0.073844755,0.497169215,1.025602927,0.026889761,9.084984899,0.215365387,2.092544624,0.172296583,0.641059617,1.273917525
11,LB_seagrass,1/26/2021,6:31,dawn,81.21152092,9.195167794,10505,58629,2272,687000,CINAR_BC_110,0.217515536,0.75628604,0.043641818,0.058127825,0.737142821,0.001675375,0.883467981,1.441433316,4.585268237,0.364778286,0.297592796,0.051801377,0.381944607,2.871795639,0.217493616,8.152626786,0.375392667,0.750103633,1.889463223,0.450491758,0.016703699,3.969978057,0.019410466,0.390479432,0.00940265,0.108010728,2.767773137,2.846762096,3.479634349,0.067946799,0.336515754,0.545808544,3.125447633,0.652162582,1.240572634,0.686578695,0.089137853,0.520312435,1.400210707,1.767795688,0.014996646,0.077027897,0.4089893,0.85034435,0.031473337,7.146581171,0.246305899,1.702951382,0.104684902,0.372353451,1.067582495
12,Tektite,1/23/2021,13:04,peak_photo,73.19069238,5.372264579,18790,58590,1195,567000,CINAR_BC_42,0.070537549,0.417507147,0.043641818,0.026581585,0.253454499,0.001675375,0.402008253,0.388932072,0.765313887,0.068511256,0.297592796,0.051801377,0.381944607,0.744464196,0.034776427,4.581882431,0.032033883,1.063104553,0.717754897,0.136675959,0.047297663,0.946978751,0.003309239,0.390479432,0.009428127,0.066131216,0.824713245,1.882313635,1.271776995,0.037763305,0.743633403,0.219590689,0.876138384,0.638920012,0.38679217,0.641881457,0.018662078,0.449850726,0.847874388,0.928554249,0.014996646,0.023004787,0.378301459,0.45700495,0.124582057,3.741580057,0.377639162,1.032299406,0.092959843,0.062404101,0.793816496
12,Tektite,1/23/2021,13:04,peak_photo,80.2788941,8.103138464,21193,61531,1352,597000,CINAR_BC_43,0.070537549,0.314828093,0.043641818,0.074360831,0.253454499,0.001675375,0.795545554,0.552211796,1.158852453,0.104964415,0.297592796,0.051801377,0.381944607,5.627401212,0.120441854,3.828175905,0.032033883,2.151603644,0.471801976,0.677767702,0.075567266,1.653716452,0.003309239,0.390479432,0.016563267,0.050325302,4.835991149,1.684835406,2.018857968,0.06172158,0.250045581,0.258448087,5.452605437,0.38651793,0.996619843,0.405442073,0.018662078,0.30775618,0.773758008,0.934519261,0.014996646,0.021840678,0.218468073,0.347417631,0.075318684,1.947859013,0.193254867,0.603890381,0.057817957,0.168993984,0.540578692
12,Tektite,1/23/2021,13:04,peak_photo,77.46113585,7.759149586,21193,61584,1339,606000,CINAR_BC_44,0.070537549,0.31629291,0.043641818,0.275600834,0.253454499,0.001675375,0.24885314,0.297783416,0.865691253,0.255977454,0.297592796,0.051801377,0.381944607,1.694152481,0.036021252,2.573081259,0.032033883,1.010174828,0.754752188,0.120065563,0.002253795,1.009314927,0.003309239,0.390479432,0.004366778,0.050092149,1.879072217,1.153518618,1.296887413,0.050532152,0.22443314,0.204385159,1.080615274,0.139359272,0.422732124,0.278870058,0.018662078,0.251435498,0.512666641,0.753842906,0.014996646,0.019606531,0.16016779,0.328737162,0.035205884,2.440079179,0.119901065,0.600003041,0.056578519,0.044070737,0.429277164
13,Tektite,1/23/2021,5:55,dawn,78.05345958,6.933080429,25828,63645,801,592000,CINAR_BC_36,0.293674045,0.190155166,0.043641818,0.035638991,0.253454499,0.001675375,0.168745961,0.346516265,1.196453563,0.196556557,0.297592796,0.051801377,0.381944607,0.708840963,0.033564114,2.535308633,0.032033883,0.120331499,0.563905624,0.09000916,0.002253795,0.875937929,0.003309239,0.390479432,0.004366778,0.036178736,1.041405287,0.731942543,1.066626198,0.058512856,0.169653421,0.252667653,0.512843711,0.139359272,0.585788654,0.287541771,0.018662078,0.25212527,0.439709706,0.517289174,0.014996646,0.022527622,0.186131806,0.222467645,0.03438086,1.662586948,0.171010913,0.423864706,0.019082452,0.026822357,0.338031273
13,Tektite,1/23/2021,5:55,dawn,89.67781279,8.146896333,21732,53482,998,529000,CINAR_BC_77,0.070537549,1.183422495,0.043641818,0.19396543,0.253454499,0.001675375,0.552696746,1.334341259,1.429179151,0.106660206,0.297592796,0.051801377,0.381944607,1.035663634,0.025310647,12.15751826,0.032033883,0.120331499,4.030585785,0.115449964,0.050888517,1.267630609,0.003309239,0.390479432,0.006151198,0.056478683,0.975710595,5.272823844,5.105527852,0.04074274,0.893201631,0.268295076,2.138363428,3.10393085,0.641468067,1.948926629,0.185495573,1.468704153,2.315316177,1.444184306,0.174378802,0.031347442,1.110043553,1.384581743,0.223731344,13.15141459,0.170964314,3.266187807,0.281607323,0.101042253,2.438436356
14,Tektite,1/24/2021,13:05,peak_photo,92.20917306,10.87024875,16781,59154,1313,553000,CINAR_BC_65,0.070537549,0.32779982,0.043641818,0.030510529,0.253454499,0.001675375,0.311281084,0.469725868,1.045100824,0.040566727,0.297592796,0.051801377,0.381944607,0.877043287,0.04672662,3.826136205,0.032033883,0.644053841,0.88380247,0.145774891,0.002253795,1.245856758,0.003309239,0.390479432,0.004366778,0.056230396,1.109786572,1.313025618,1.291917924,0.042250342,0.26258524,0.218307804,0.892073855,0.434762921,0.391718607,0.378506274,0.072662521,0.330061623,0.56131989,0.493425469,0.014996646,0.02792841,0.246417948,0.36169855,0.010240569,2.842070197,0.166619984,0.667342134,0.051420642,0.070518231,0.544865603
14,Tektite,1/24/2021,13:05,peak_photo,92.20917306,10.87024875,16781,59154,1313,553000,CINAR_BC_66,0.070537549,0.324677046,0.043641818,0.023949557,0.253454499,0.001675375,0.324600794,0.478049748,1.124543989,0.040566727,0.297592796,0.051801377,0.381944607,0.697209216,0.049945743,4.893742784,0.032033883,0.644444812,0.888573678,0.134847334,0.002253795,1.019917614,0.003309239,0.390479432,0.005834671,0.055466057,1.003910296,1.304005897,1.267025341,0.050383647,0.28630223,0.183334585,0.88129754,0.458880631,0.386912888,0.387960669,0.057771117,0.330518968,0.583111576,0.568959235,0.014996646,0.026656732,0.229726446,0.347655994,0.010240569,2.931512597,0.150318363,0.744882729,0.066175514,0.078733674,0.57455834
14,Tektite,1/24/2021,13:05,peak_photo,73.52218304,7.556846935,19145,61190,1077,566000,CINAR_BC_68,0.070537549,1.165709222,0.043641818,0.087452298,0.253454499,0.001675375,0.520383634,0.930202528,1.488700768,0.040566727,0.297592796,0.051801377,0.381944607,1.533828888,0.053255806,12.31493265,0.032033883,0.514868203,3.463034591,0.174238685,0.002253795,1.285060377,0.003309239,0.390479432,0.007174017,0.062280451,1.115639529,4.531813905,4.643443159,0.043637007,1.212712297,0.270766088,2.538992156,2.03083068,0.604530814,1.262379147,0.103615608,0.992040653,2.11823443,0.984993838,0.014996646,0.029851555,0.618764124,1.332949518,0.010240569,11.8335682,0.260929652,3.177055507,0.144217939,0.086279266,1.778224725
14,Tektite,1/24/2021,13:05,peak_photo,78.74943996,6.802426633,15744,52142,1169,490000,CINAR_BC_72,0.070537549,1.53500128,0.043641818,0.061585337,0.253454499,0.001675375,0.580342672,1.458476846,1.31368939,0.040566727,0.297592796,0.051801377,0.381944607,1.277360516,0.025310647,13.34605176,0.032033883,0.120331499,4.698791447,0.141360829,0.002253795,1.011786336,0.003309239,0.390479432,0.008599992,0.056218352,1.167462247,5.896138252,6.274508339,0.028492168,0.653605877,0.154313225,2.7150276,2.498656253,0.365074419,2.165509546,0.184331175,1.57408174,3.063061368,0.521093756,0.014996646,0.025156857,1.123879664,1.931954634,0.010240569,14.99214074,0.177249081,3.984069629,0.233585064,0.075386874,2.673566488
15,Tektite,1/24/2021,6:02,dawn,86.06463803,6.802426633,24804,64774,1458,533000,CINAR_BC_56,0.070537549,0.116206672,0.043641818,0.004793015,0.253454499,0.001675375,0.150379497,0.412696062,1.242128307,0.040566727,0.297592796,0.051801377,0.381944607,0.841313421,0.049358571,1.438338983,0.064058157,0.359092491,0.189527657,0.198504895,0.002253795,0.864300637,0.003309239,0.390479432,0.004366778,0.037998695,1.303838504,0.092515096,0.714529413,0.053796357,0.072513119,0.255026034,0.545189963,0.139359272,0.691118399,0.112193905,0.018662078,0.116861678,0.205752627,0.956624745,0.014996646,0.028319121,0.095348717,0.081270884,0.010240569,0.566182439,0.10435999,0.051880331,0.019082452,0.05729867,0.057862992
15,Tektite,1/24/2021,6:02,dawn,100.3840642,10.00976658,24226,59982,1129,525000,CINAR_BC_60,0.070537549,0.700298504,0.043641818,0.113982756,0.253454499,0.001675375,0.365799498,0.828967244,1.644041109,0.040566727,0.297592796,0.051801377,0.381944607,1.810614844,0.058252368,7.079991719,0.055870454,0.630162351,2.341712007,0.173293934,0.012189723,1.766558515,0.003309239,0.390479432,0.004366778,0.05931833,1.651575221,2.935154748,3.104129836,0.061221666,0.443317976,0.297943344,2.144483391,1.486613257,0.83377526,1.017072607,0.125728943,0.771392058,1.372128516,0.766114362,0.040451246,0.032057117,0.559695162,0.8876835,0.033617835,7.295650832,0.136204059,1.815376431,0.151247044,0.084824801,1.219044412
15,Tektite,1/24/2021,6:02,dawn,87.16054958,7.868487533,24607,62949,1129,540000,CINAR_BC_62,0.070537549,1.580519396,0.043641818,0.021107279,0.253454499,0.001675375,0.622471682,1.785309686,1.850403248,0.040566727,0.297592796,0.051801377,0.381944607,8.342972791,0.100649004,13.16339783,0.206527902,1.739288953,4.102129087,0.262135979,0.059182677,2.118798814,0.003309239,0.390479432,0.004366778,0.093431597,9.897054446,5.101011162,6.58070902,0.077414144,0.817611378,0.350869363,8.229330741,2.88477641,1.618298921,1.951449376,0.253014456,1.457018076,2.770200042,0.832736568,0.085594546,0.030103114,1.069744018,1.861045942,0.049429033,12.10457181,0.279961619,3.388343517,0.27856731,0.201397987,2.30755215
16,Tektite,1/25/2021,13:00,peak_photo,90.52187411,7.679071453,24765,64341,1261,638000,CINAR_BC_90,0.070537549,0.729359745,0.083223055,0.042988475,0.253454499,0.001675375,0.411380729,0.685637239,0.896591349,0.040566727,0.297592796,0.051801377,0.381944607,0.900942333,0.025310647,8.528718244,0.032033883,1.439291669,2.583399371,0.123681172,0.002253795,0.951060737,0.003309239,0.390479432,0.021850919,0.049465082,0.804683207,3.185454448,3.254163272,0.052130207,0.651651028,0.214583418,1.242307467,1.472563184,0.454887192,0.911515417,0.081493753,0.778953279,1.771060334,0.864284066,0.014996646,0.024114898,0.377732442,1.095247925,0.029497012,8.228970422,0.161337752,1.988952235,0.106856628,0.038852417,1.280661896
16,Tektite,1/25/2021,13:00,peak_photo,91.65791275,8.384126249,20418,51972,1182,601000,CINAR_BC_93,0.070537549,0.389760052,0.120048503,0.004793015,0.253454499,0.001675375,0.445136436,0.442931598,1.087613621,0.094564822,0.297592796,0.051801377,0.381944607,0.981515638,0.061633058,4.476151738,0.068750085,1.268055678,1.137079909,0.173380409,0.007189447,1.549483248,0.003309239,0.390479432,0.005401191,0.075064418,1.139277849,1.652989579,1.75662601,0.039624897,0.329077007,0.191517767,1.366375145,0.572045515,0.468080971,0.469387199,0.069510981,0.372958601,0.766421021,0.897513297,0.014996646,0.025811225,0.227407658,0.413412061,0.030276958,3.679915058,0.181583734,0.940813222,0.079097626,0.050890978,0.681416419
17,Tektite,1/25/2021,6:03,dawn,88.31926775,10.85577438,31514,56922,1694,511000,CINAR_BC_75,0.070537549,0.869079234,0.051794148,0.020336199,0.253454499,0.001675375,0.279125048,0.839448858,1.451131467,0.040566727,0.297592796,0.051801377,0.381944607,0.848637856,0.025310647,8.958134579,0.032033883,0.120331499,3.51090953,0.107263769,0.002253795,1.183496252,0.003309239,0.390479432,0.005868587,0.045709374,0.774273408,3.811261053,4.310689709,0.044164234,0.536908701,0.231742261,1.355826528,1.934846887,0.562698038,1.117269054,0.125621006,0.924899984,1.750711104,0.420757294,0.014996646,0.027660952,0.61871919,1.068982583,0.038121245,11.42499316,0.116548627,2.545991911,0.129656943,0.077571298,1.664469733
17,Tektite,1/25/2021,6:03,dawn,85.85732473,10.05191296,30214,58590,1497,551000,CINAR_BC_81A,0.070537549,0.950987168,0.043641818,0.026768942,0.988879804,0.001675375,0.360497584,0.854688754,1.934468801,0.040566727,0.297592796,0.051801377,0.381944607,1.262780082,0.03646477,10.67446218,0.032033883,0.120331499,3.805617831,0.135032199,0.002253795,1.442511424,0.003309239,0.390479432,0.004366778,0.046834342,1.083344578,4.204683366,4.563384187,0.049466884,0.529645071,0.240700394,1.525590224,2.329579168,0.542263512,1.16902886,0.141945492,0.964089072,1.905480036,0.785703643,0.014996646,0.02580867,0.584257255,1.106311013,0.032206683,12.86368039,0.107794479,2.946593024,0.191586394,0.079687096,1.664765297
17,Tektite,1/25/2021,6:03,dawn,79.41413114,5.822261663,29715,56594,1458,530000,CINAR_BC_84,0.070537549,0.765186024,0.149804736,0.004793015,0.582887569,0.001675375,0.56651714,1.572920471,1.331950355,0.040566727,0.297592796,0.051801377,0.381944607,5.077556237,0.073669506,7.898346238,0.032033883,0.120331499,2.528666973,0.163854755,0.002253795,1.877103005,0.003309239,0.390479432,0.009810502,0.09184656,5.446793073,3.297610047,4.032499453,0.059525179,0.49254343,0.267661833,6.248799471,1.781513248,1.258388448,0.880235239,0.091038018,0.730042853,1.349882296,0.926520515,0.014996646,0.023564418,0.552125777,0.878926704,0.010240569,8.377335354,0.151670311,2.007979404,0.170870078,0.067894704,1.409474379
18,Tektite,1/26/2021,13:02,peak_photo,98.04092686,13.4766675,22874,42688,972,474000,CINAR_BC_112,0.070537549,0.252013242,0.125882758,0.066268096,0.253454499,0.001675375,0.275842155,0.477800516,1.005255444,0.084321415,0.297592796,0.051801377,0.381944607,1.421131539,0.044820393,2.514003116,0.032033883,2.88016776,0.549517363,0.080023915,0.002253795,0.92149075,0.003309239,0.390479432,0.008633202,0.07529643,1.205516108,1.167422192,1.034923115,0.06219657,0.35700061,0.206704146,1.599707675,0.442773284,0.41003371,0.313435705,0.052738657,0.249077541,0.468895205,0.770731207,0.014996646,0.020208407,0.18997846,0.28438589,0.025485973,2.460178739,0.11941217,0.586908177,0.059847715,0.042868487,0.439044235
18,Tektite,1/26/2021,13:02,peak_photo,91.4983374,9.622732083,17398,39708,959,459000,CINAR_BC_115,0.070537549,0.916388762,0.063995779,0.036041664,0.253454499,0.001675375,0.73920636,0.969740911,1.262447621,0.148960123,0.297592796,0.051801377,0.466115121,0.849252218,0.038253831,9.078220448,0.032033883,2.834820152,2.093305995,0.157942074,0.014710265,1.013614466,0.003309239,0.390479432,0.006573454,0.057418822,0.623372637,4.155742736,2.678420639,0.076437021,1.24084136,0.230324512,1.242724951,1.980071462,0.427982568,1.62156663,0.086344283,1.145554753,1.78374051,1.215373813,0.132881634,0.020005974,0.888033026,1.128315319,0.042302807,9.912062477,0.171709355,2.129829943,0.125057568,0.090037994,1.909075137
18,Tektite,1/26/2021,13:02,peak_photo,75.36671992,8.459868332,25040,37528,1011,462000,CINAR_BC_116,0.070537549,0.415879873,0.189492308,0.004793015,0.253454499,0.001675375,0.386076404,0.631779246,1.132765947,0.040566727,0.297592796,0.051801377,0.353393358,2.028792455,0.067561528,3.44199353,0.032033883,3.523694299,0.86421769,0.144798002,0.023351926,1.189819464,0.003309239,0.390479432,0.005491962,0.078410034,1.378113133,1.805116464,1.488126497,0.048405315,0.415442441,0.198316039,3.191264159,0.775693438,0.573684324,0.612050926,0.068166767,0.458837848,0.680849981,0.635781981,0.04985997,0.020806467,0.372956349,0.479174236,0.03282917,3.87055727,0.184412597,0.865252333,0.097034439,0.080393066,0.784800386
19,Tektite,1/26/2021,5:54,dawn,84.68748536,6.587480067,25040,45616,1142,462000,CINAR_BC_101,0.070537549,1.02171914,0.043641818,0.098587501,0.253454499,0.001675375,0.366840326,1.006952458,1.781866915,0.116215191,0.297592796,0.051801377,0.381944607,1.148754281,0.052805141,7.726955007,0.122778812,0.120331499,3.547350543,0.137184054,0.002253795,1.15355223,0.003309239,0.390479432,0.010906534,0.054152698,0.648037635,3.833222228,4.640101157,0.06442309,0.529336974,0.271879005,1.647053861,1.982080414,0.625526426,1.651100898,0.134019397,1.215086315,2.203147128,3.942142107,0.014996646,0.026948842,0.796823245,1.329608421,0.029689211,11.48963079,0.159353457,2.80688369,0.190129142,0.107568957,1.855713624
19,Tektite,1/26/2021,5:54,dawn,94.2401321,10.57619125,33470,54900,1247,510000,CINAR_BC_105,0.070537549,0.731972945,0.209641743,0.028894146,0.253454499,0.001675375,0.773469622,1.827571689,1.771985431,0.069962481,0.297592796,0.051801377,0.381944607,8.946308418,0.203147494,6.112295639,0.177685335,0.120331499,1.497467835,0.203588609,0.002253795,2.687867839,0.003309239,0.390479432,0.015627398,0.135380351,10.35756926,2.28322497,4.494778039,0.070820639,0.355963674,0.368872929,11.54478031,1.032354717,1.925263104,0.738689615,0.064280163,0.613624922,1.247090569,1.57286054,0.014996646,0.022275046,0.480472447,0.84310645,0.032827686,4.857338868,0.196236865,1.328623349,0.133809137,0.173512234,0.907899073
19,Tektite,1/26/2021,5:54,dawn,121.4259695,17.26377167,32709,56896,1497,604000,CINAR_BC_108,0.070537549,0.354699678,0.058675889,0.030506635,0.253454499,0.001675375,0.263749111,0.46385,1.56962935,0.077024019,0.297592796,0.051801377,0.381944607,0.953135937,0.045140062,3.757766748,0.064929398,0.120331499,1.142957862,0.118533533,0.002253795,1.249961659,0.003309239,0.390479432,0.004366778,0.04275912,0.749792074,1.327166328,1.575360245,0.051433027,0.207812966,0.28478583,0.819582782,0.628406428,0.460518213,0.486043261,0.071008432,0.383209453,0.769841434,1.059291671,0.014996646,0.024688386,0.263884694,0.396435181,0.010240569,4.364695564,0.088569577,0.916902207,0.084913955,0.093075676,0.569354454
20,Yawzi,1/23/2021,13:40,peak_photo,84.43350133,6.24107083,17385,57460,1077,575000,CINAR_BC_45,0.237805198,0.548768377,0.063349274,0.004793015,0.253454499,0.001675375,0.416467482,0.673531953,1.396370619,0.040566727,0.297592796,0.051801377,0.381944607,0.959476746,0.048814937,5.88347512,0.049092012,0.120331499,1.875458865,0.234025787,0.002253795,2.178994728,0.003309239,0.390479432,0.005434217,0.072894344,1.12189511,2.640092916,2.451269498,0.103227673,0.336403302,0.274577542,1.123786471,0.750567755,0.368897746,0.819434979,0.073039193,0.609100098,1.219836671,0.900399786,0.014996646,0.031333667,0.388418108,0.620774561,0.041725959,6.080714345,0.274704582,1.49963252,0.095692431,0.073610706,1.015367155
20,Yawzi,1/23/2021,13:40,peak_photo,73.24082927,6.187089404,17372,57986,1274,564000,CINAR_BC_46,0.183454816,0.127781545,0.043641818,0.004793015,0.253454499,0.001675375,0.282073294,0.189205684,0.632200737,0.040566727,0.297592796,0.051801377,0.381944607,1.018210917,0.044377177,1.356134134,0.051869715,0.120331499,0.071194066,0.090393383,0.002253795,1.257641643,0.003309239,0.390479432,0.004366778,0.066117382,1.156262647,0.092515096,0.627867949,0.032116122,0.041773438,0.212613985,0.885746926,0.139359272,0.385635804,0.104378571,0.018662078,0.108291548,0.180475801,0.807413895,0.014996646,0.024730228,0.065351497,0.122076027,0.010240569,0.100967018,0.152320463,0.051880331,0.043599131,0.054571408,0.057862992
20,Yawzi,1/23/2021,13:40,peak_photo,79.51567909,7.452944164,19145,67755,1392,617000,CINAR_BC_50,0.070537549,0.586677457,0.083526197,0.004793015,0.253454499,0.001675375,0.30168746,0.524867567,0.72879184,0.040566727,0.297592796,0.051801377,0.381944607,2.543031463,0.038222718,6.211717314,0.032033883,0.120331499,1.954641377,0.096836605,0.002253795,1.282635779,0.003309239,0.390479432,0.005087118,0.070790424,1.859792506,2.718728698,2.373051059,0.049059671,0.388424868,0.268881815,1.567536868,0.820626796,0.482691986,0.766358546,0.059837792,0.634750334,1.167163028,0.763078731,0.014996646,0.02458407,0.421882283,0.630483204,0.030873843,6.535578794,0.249715534,1.535830305,0.060632398,0.07376356,1.064185284
21,Yawzi,1/23/2021,6:20,dawn,138.6777934,7.3671882,21075,65549,1142,633000,CINAR_BC_39,0.070537549,0.530597159,0.043641818,0.004793015,0.253454499,0.001675375,0.516425758,0.771283847,1.428342154,0.040566727,0.297592796,0.051801377,0.381944607,1.784598484,0.025310647,6.142513365,0.032033883,0.120331499,1.60027707,0.282497194,0.040876135,1.709891966,0.003309239,0.390479432,0.004366778,0.049819837,2.071615321,2.380305887,2.522953869,0.040071741,0.449990676,0.257163822,1.443103106,1.409734757,0.617033009,0.904418684,0.077952638,0.66673362,1.125763484,0.587742201,0.014996646,0.02488064,0.446442372,0.581670711,0.21465045,5.247505418,0.221375169,1.377404269,0.122885837,0.08185522,0.980872867
21,Yawzi,1/23/2021,6:20,dawn,138.6777934,7.3671882,21075,65549,1142,633000,CINAR_BC_40,0.293784995,0.536495842,0.043641818,0.004793015,0.253454499,0.001675375,0.465763432,0.713815401,1.322925348,0.040566727,0.297592796,0.051801377,0.381944607,1.526546921,0.05463302,8.428439182,0.032033883,0.120331499,1.804564165,0.261995066,0.04281005,1.660097835,0.003309239,0.390479432,0.004366778,0.053212847,1.605172462,2.473252351,2.717311005,0.044494249,0.540694832,0.306324098,1.643046727,1.438858128,0.604297738,0.956156245,0.084165352,0.76332295,1.224821061,0.89569495,0.014996646,0.03256294,0.527808588,0.702980301,0.262918464,6.318656022,0.263141066,1.588329142,0.163228921,0.102837728,1.093515419
21,Yawzi,1/23/2021,6:20,dawn,97.63473505,14.5727,19591,64709,1090,648000,CINAR_BC_76,2.277120358,0.183745335,0.043641818,0.004793015,0.253454499,0.001675375,0.276963275,0.47014394,1.632260134,0.040566727,0.297592796,0.051801377,0.381944607,1.37435348,0.055160311,2.78461697,0.032033883,0.120331499,0.370916548,0.136178062,0.002253795,1.635123044,0.003309239,0.390479432,0.004366778,0.058104568,1.552266255,0.679112261,0.961880654,0.047385353,0.22469561,0.236299847,0.997656817,0.139359272,0.495519864,0.216984302,0.038842971,0.185655625,0.332604669,0.534567263,0.014996646,0.034073878,0.171316048,0.211293756,0.010240569,1.490119571,0.114384487,0.338902527,0.055058545,0.064865212,0.319485798
21,Yawzi,1/23/2021,6:20,dawn,77.08535377,9.668982173,21942,63881,1129,603000,CINAR_BC_78,0.14532174,0.477120534,0.043641818,0.004793015,0.253454499,0.001675375,0.457192207,0.899675138,1.603214486,0.040566727,0.297592796,0.051801377,0.381944607,1.354659611,0.053295388,5.962742062,0.032033883,0.120331499,1.477585442,0.1534363,0.009716138,1.206659995,0.003309239,0.390479432,0.004366778,0.037388877,1.377637757,2.048441768,2.486774967,0.06191198,0.508182309,0.331111184,1.897462684,1.072046425,0.672922381,0.690221989,0.095011408,0.5398626,1.085994543,0.937201328,0.014996646,0.028514369,0.386357756,0.604121933,0.045583169,5.250972632,0.186760372,1.280826843,0.109137069,0.078564175,0.856705326
22,Yawzi,1/24/2021,13:37,peak_photo,85.93136519,8.791736033,15980,60126,932,582000,CINAR_BC_71,0.070537549,0.901692662,0.043641818,0.040549908,0.253454499,0.001675375,0.256392947,0.932875855,1.278078633,0.128947025,0.297592796,0.051801377,0.381944607,1.112134304,0.035688431,8.131394312,0.032033883,1.096448934,2.834518679,0.092537643,0.002253795,1.117004484,0.003309239,0.390479432,0.008015479,0.055729715,1.091068124,3.794726428,3.766092187,0.027796806,0.360759813,0.20607156,1.304813425,0.917293223,0.384278999,1.380900328,0.074986425,1.050207898,1.951483637,0.661949147,0.014996646,0.022733677,0.630629323,1.107644233,0.010240569,9.158751036,0.147966747,2.330784577,0.050437669,0.054865783,1.754525626
23,Yawzi,1/24/2021,6:26,dawn,87.21707241,9.54714419,27207,74924,1668,657000,CINAR_BC_53,0.35226151,0.780089497,0.043641818,0.004793015,0.253454499,0.001675375,0.333604763,0.969944063,1.351329036,0.114109703,0.297592796,0.051801377,0.381944607,1.352640014,0.034536159,9.646755956,0.058830034,0.120331499,2.698096927,0.196390555,0.002253795,1.785366603,0.003309239,1.009765898,0.004366778,0.060867361,1.351429229,3.570226684,3.559580313,0.070698401,0.463816361,0.289863561,1.57481594,1.511683473,0.522706074,1.142298599,0.101127182,0.899234539,1.513237604,0.620669699,0.077718689,0.030628987,0.578923333,0.978825483,0.010240569,9.606530328,0.141580448,2.153978216,0.141713537,0.087380455,1.478500794
23,Yawzi,1/24/2021,6:26,dawn,86.5953212,11.03176258,28454,73848,1628,643000,CINAR_BC_55,0.070537549,0.642254612,0.043641818,0.004793015,0.253454499,0.001675375,0.435252571,0.978684263,1.378981388,0.070718039,0.297592796,0.051801377,0.381944607,2.183899102,0.047056087,7.079892218,0.077978452,0.120331499,2.208915401,0.184207354,0.002253795,1.025717031,0.003309239,2.131823421,0.004366778,0.076481685,4.412004017,3.220658836,3.146118139,0.063843172,0.675398118,0.217974812,2.048995084,1.924705639,0.613960578,0.9914521,0.133777735,0.800150321,1.226864318,1.105328803,0.053603868,0.027630469,0.51287779,0.731370704,0.010240569,7.972068067,0.253882398,1.906820731,0.199466319,0.09159848,1.377619043
23,Yawzi,1/24/2021,6:26,dawn,78.24407195,8.644640611,26944,73953,1825,636000,CINAR_BC_61,0.270108926,0.861921349,0.043641818,0.004793015,0.253454499,0.001675375,0.345340615,1.140889781,1.156680754,0.179518741,0.297592796,0.051801377,0.381944607,1.303655595,0.051743891,8.870387648,0.032033883,0.120331499,2.99023504,0.112991686,0.002253795,1.168317453,0.003309239,0.390479432,0.004366778,0.04801867,1.516221437,4.246833453,3.301824709,0.03738219,0.514981942,0.235369389,1.480559223,2.454132822,0.510907717,1.298649349,0.203044016,0.941241324,1.503793474,0.962652232,0.014996646,0.031481461,0.719414002,0.900680852,0.010240569,10.17776579,0.13416066,2.393481163,0.230254641,0.07742068,1.768555261
24,Yawzi,1/25/2021,13:22,peak_photo,83.71015121,7.527344465,19407,63343,1169,644000,CINAR_BC_91,0.070537549,0.446743176,0.043641818,0.004793015,0.253454499,0.001675375,0.256599774,0.419108236,1.276330498,0.071499525,0.297592796,0.051801377,0.381944607,1.154299143,0.025310647,4.108350927,0.032033883,0.585022798,1.344122286,0.184094335,0.002253795,1.539964502,0.003309239,0.390479432,0.004366778,0.047422884,0.744906475,1.758929495,1.726279404,0.03884591,0.23782418,0.264043142,0.921261406,0.730207968,0.389549055,0.569539913,0.063531874,0.443740712,0.877092706,0.707263501,0.014996646,0.023842467,0.284915547,0.519992965,0.010240569,4.628399826,0.109149309,0.998630347,0.08701345,0.056883729,0.798698352
24,Yawzi,1/25/2021,13:22,peak_photo,128.2528957,15.20220128,17109,61019,1576,637000,CINAR_BC_96,0.070537549,0.436976029,0.043641818,0.004793015,0.253454499,0.001675375,0.604843252,0.54694673,1.427186313,0.144631226,0.297592796,0.051801377,0.381944607,2.519491356,0.059412686,5.714703162,0.032033883,0.773413793,1.483138232,0.250308031,0.002253795,2.091967708,0.003309239,0.390479432,0.004366778,0.070517927,1.482468668,2.036977228,2.676033955,0.052745274,0.321018,0.22713603,2.343514995,0.717745441,0.717556262,0.543268335,0.064972156,0.472806607,1.082857305,1.097116872,0.014996646,0.025890134,0.261048091,0.530249835,0.010240569,4.963765065,0.164837963,1.013738715,0.079236391,0.071560001,0.708699736
24,Yawzi,1/25/2021,13:22,peak_photo,83.96188879,6.031147777,19224,60231,1326,630000,CINAR_BC_97,0.070537549,0.121869638,0.043641818,0.004793015,0.253454499,0.001675375,0.21581256,0.215190734,0.965454552,0.040566727,0.297592796,0.051801377,0.381944607,1.57940977,0.037484174,1.203349814,0.032033883,0.355703999,0.290114749,0.069653229,0.002253795,0.813726912,0.003309239,0.390479432,0.004366778,0.046590968,1.184986238,0.092515096,0.736143651,0.042620761,0.171732471,0.230911546,0.862482629,0.139359272,0.562048693,0.165254937,0.018662078,0.149367816,0.322891101,0.735780793,0.014996646,0.024089211,0.112850847,0.142347699,0.010240569,1.19449733,0.099656532,0.244739952,0.044838317,0.032575734,0.199634631
25,Yawzi,1/25/2021,6:29,dawn,72.67657244,7.669936746,25500,66705,1865,631000,CINAR_BC_80,0.070537549,0.462669315,0.043641818,0.004793015,0.253454499,0.001675375,0.30076014,0.879448876,1.521023924,0.069733108,0.297592796,0.051801377,0.381944607,1.57083178,0.034832689,9.656861054,0.032033883,0.120331499,1.769286521,0.099445631,0.002253795,1.432909438,0.003309239,0.390479432,0.004366778,0.058188049,1.844665031,2.122426635,2.163514449,0.055575511,0.367708325,0.288557761,1.211202563,1.437933324,0.460005618,0.656204143,0.154035038,0.557232178,0.988511859,0.485316686,0.014996646,0.032287275,0.460580827,0.511303516,0.026991584,6.107666645,0.179702826,1.347746572,0.165356372,0.108340072,0.995720928
25,Yawzi,1/25/2021,6:29,dawn,84.56406298,10.79896208,23570,63684,1471,609000,CINAR_BC_82,0.070537549,0.532452077,0.043641818,0.004793015,0.253454499,0.001675375,0.290821277,0.769593153,2.002983209,0.163255149,0.297592796,0.051801377,0.381944607,1.191163585,0.025310647,6.814400224,0.08435017,0.120331499,2.162947495,0.117987536,0.002253795,1.487732045,0.003309239,0.390479432,0.004366778,0.051033402,1.023709039,2.641655956,2.784903968,0.065691996,0.385709189,0.267097207,1.565072716,1.471186467,0.45966457,0.832306983,0.096647575,0.686132836,1.365338296,0.687738417,0.014996646,0.033287933,0.482552485,0.630135055,0.037749513,7.860519626,0.123340757,1.683671705,0.144802602,0.114524123,1.178286173
25,Yawzi,1/25/2021,6:29,dawn,77.8766735,8.576952843,25132,68070,1681,620000,CINAR_BC_86,0.070537549,0.606492943,0.043641818,0.004793015,0.253454499,0.001675375,0.328277808,0.996465326,1.481593279,0.103151147,0.297592796,0.051801377,0.381944607,1.519901454,0.058020135,6.616729528,0.097725512,0.120331499,1.99875589,0.09498058,0.002253795,1.554162806,0.003309239,0.390479432,0.004366778,0.054668702,1.291979373,2.576166352,2.60760765,0.058067464,0.569304579,0.27500864,1.426455293,1.59254288,0.507373514,0.777258444,0.099820358,0.602009492,1.13057694,0.774849955,0.014996646,0.031016846,0.4506196,0.62564419,0.010240569,7.227201324,0.121139629,1.642125057,0.155460163,0.113175502,1.137525517
26,Yawzi,1/26/2021,13:28,peak_photo,81.49413511,11.05883768,18593,57762,1497,591000,CINAR_BC_113,0.070537549,0.172951577,0.046196779,0.004793015,0.923675404,0.001675375,0.239288818,0.352654315,1.24997372,0.173834602,0.297592796,0.051801377,0.381944607,1.549852787,0.044519168,2.085779742,0.032033883,0.336479457,0.375332545,0.082723882,0.002253795,0.949691293,0.003309239,0.390479432,0.004366778,0.055597009,0.992951092,0.643562596,0.747305738,0.044209849,0.127243637,0.236618808,0.634627202,0.139359272,0.416891861,0.27109568,0.038636187,0.200720764,0.345950641,0.902395009,0.014996646,0.028270135,0.179048664,0.158931522,0.010240569,1.612865532,0.167902805,0.314722485,0.047933869,0.171947413,0.305308273
26,Yawzi,1/26/2021,13:28,peak_photo,81.40935085,11.55070213,20773,60428,1392,618000,CINAR_BC_114,0.070537549,0.336644079,0.043641818,0.004793015,0.621434806,0.001675375,0.221121278,0.465558879,1.231311405,0.040566727,0.297592796,0.051801377,0.381944607,1.238684931,0.035607707,3.713385691,0.032033883,0.120331499,0.973997294,0.070543218,0.002253795,0.818441397,0.003309239,0.390479432,0.004366778,0.04399612,0.968660465,1.360668559,1.555358272,0.043262605,0.266438658,0.19310309,0.813627466,0.139359272,0.473123503,0.529907427,0.045971345,0.407837051,0.70554069,0.646430991,0.014996646,0.027168848,0.262259211,0.387209772,0.010240569,3.562397122,0.098052009,0.819611193,0.070652365,0.066559655,0.555902506
26,Yawzi,1/26/2021,13:28,peak_photo,91.76575394,7.320827176,21902,61465,1536,660000,CINAR_BC_118,0.070537549,0.148042758,0.04640284,0.004793015,0.253454499,0.001675375,0.21473623,0.346078631,1.290782504,0.107526081,0.297592796,0.051801377,0.381944607,1.153548843,0.052059111,1.529693238,0.032033883,1.744625773,0.319797108,0.11785679,0.002253795,1.188135496,0.003309239,0.390479432,0.004366778,0.056410563,0.963890775,0.601914935,0.852543377,0.033070554,0.089398454,0.223161618,0.777666344,0.139359272,0.447662626,0.193722834,0.018662078,0.151486153,0.243412302,0.91319186,0.014996646,0.027026644,0.123714249,0.14760598,0.010240569,1.233807771,0.123879426,0.248663729,0.043292278,0.087972945,0.248300841
27,Yawzi,1/26/2021,6:15,dawn,94.1128586,11.51911451,30779,72128,1563,609000,CINAR_BC_102,0.070537549,0.242131079,0.054233303,0.004793015,0.253454499,0.001675375,0.242630736,0.469898563,1.462210672,0.137721527,0.297592796,0.051801377,0.381944607,0.590906669,0.052405548,3.33873027,0.032033883,0.120331499,0.763588001,0.121494142,0.002253795,1.405853163,0.003309239,0.390479432,0.004366778,0.050774937,0.570068124,0.982282698,1.231955583,0.067385883,0.124559515,0.249872148,0.657421071,0.401451076,0.389362105,0.334497943,0.044472818,0.257164444,0.447499146,0.846551511,0.014996646,0.029871052,0.185887225,0.274887651,0.010240569,2.695083322,0.103956789,0.57493079,0.069178731,0.071609383,0.464084306
27,Yawzi,1/26/2021,6:15,dawn,82.22846009,6.922749581,28862,68530,1431,643000,CINAR_BC_107,0.070537549,0.625343291,0.043641818,0.047093541,0.253454499,0.001675375,0.239891594,0.682962656,1.114182981,0.040566727,0.297592796,0.051801377,0.381944607,1.04547689,0.040570447,7.249283862,0.079640461,0.120331499,2.185363367,0.087507817,0.002253795,1.399302571,0.003309239,0.390479432,0.004366778,0.054901761,1.236621983,2.563339677,2.877699969,0.05802578,0.323535373,0.261215013,1.284286426,1.542134516,0.439192994,0.970417878,0.13521809,0.731679087,1.266549426,0.936146765,0.014996646,0.025519457,0.572123262,0.748402679,0.010240569,7.97577566,0.077930912,1.864522677,0.156294546,0.091732484,1.228432461
27,Yawzi,1/26/2021,6:15,dawn,105.1347766,13.73062625,NaN,NaN,NaN,NaN,CINAR_BC_111,0.070537549,0.568648404,0.056913666,0.04130635,0.253454499,0.001675375,0.364541092,0.678702981,1.695744503,0.163298242,0.297592796,0.051801377,0.381944607,0.720071509,0.046247396,7.252720845,0.089279103,0.120331499,2.009328412,0.149661659,0.002253795,2.793582415,0.003309239,0.390479432,0.004366778,0.060400766,0.729926705,2.340530175,2.473059871,0.04116782,0.260513791,0.249921026,0.946005938,1.292485204,0.351814412,0.88792368,0.103481799,0.684279461,1.344639717,1.194518872,0.014996646,0.028339526,0.514316147,0.684503544,0.010240569,7.116245044,0.130997995,1.618280909,0.145934321,0.11364534,1.173646512
